交易哈希,区块号,时间戳,发送方,接收方,价值(BNB),代币方法,代币接收方,代币数量,交易费用(BNB),状态
0x501e117f23cb265d78a52c842892aaa20ca832ada7e109c93bff2d1e16c0a6ab,47090459,2025-03-02 02:15:52,0x110445f2bc13dc34030b234335e9add4e1e62cd2,0x2383596efa3a0fc13efdcd776410deff25017417,0.0,,,0.0,0.000156284700142077,成功
0x1f62f19914a0e27571a56b3d39743a9d5de1d1355c190713a3d38b6c5989b473,47090440,2025-03-02 02:14:55,0xd96c9365bd5ca3695580339f8e93457b1f14738d,0x2383596efa3a0fc13efdcd776410deff25017417,0.0,,,0.0,0.0001388915,成功
0xed16295aa56213d2815c95eb52f729fb5f02504ae2df7eb543156b52693c314c,47090428,2025-03-02 02:14:19,0xe7ebba944c4b4aa36d61feff4d59fa351428658f,0x2383596efa3a0fc13efdcd776410deff25017417,0.0,,,0.0,0.005623879805112618,成功
0x82d6acd89e7791465545e057036b2b44e0595bcdee1b5af2b7b2bea5a0f976ad,47090423,2025-03-02 02:14:04,0xe7ebba944c4b4aa36d61feff4d59fa351428658f,0x2383596efa3a0fc13efdcd776410deff25017417,0.0,,,0.0,0.0057056758,成功
0x69f6829c8d94143b23b4cd3fed98bd8adcaa780c316d32c9bcc6c221862d30c4,47090414,2025-03-02 02:13:37,0xe7ebba944c4b4aa36d61feff4d59fa351428658f,0x2383596efa3a0fc13efdcd776410deff25017417,0.0,,,0.0,0.00551288906,成功
0xc17f2e51b8d8019661cc2c8b1e7ed90c741395573944011ed8515ab54308d6a9,47090404,2025-03-02 02:13:07,0xe7ebba944c4b4aa36d61feff4d59fa351428658f,0x2383596efa3a0fc13efdcd776410deff25017417,0.0,,,0.0,0.002814097,成功
0x9b3e69075c98c46d77d19fc3d34749f1677b3e3a00cad4d940ab7f2285f17fba,47090399,2025-03-02 02:12:52,0xe7ebba944c4b4aa36d61feff4d59fa351428658f,0x2383596efa3a0fc13efdcd776410deff25017417,0.0,,,0.0,0.0003090494,成功
0xaef6e8feb1c80f75346712114491781ead67a088b55b7980c424e664be650c31,47090376,2025-03-02 02:11:43,0xf6e0f5f8581231affe3b260c1631e71f42804a4a,0x2383596efa3a0fc13efdcd776410deff25017417,0.0,,,0.0,0.0001120218,成功
0x35d000fe984428ac985adb92117e340e7f74e9a380243d73bee65a69480511a8,47090365,2025-03-02 02:11:10,0xf6e0f5f8581231affe3b260c1631e71f42804a4a,0x2383596efa3a0fc13efdcd776410deff25017417,0.0,,,0.0,0.00627672254,成功
0x93f6b43101f6e897c59d6b4d2a4a92a1dd247ec6b916308e931e6b6501288462,47090360,2025-03-02 02:10:55,0xf6e0f5f8581231affe3b260c1631e71f42804a4a,0x2383596efa3a0fc13efdcd776410deff25017417,0.0,,,0.0,0.00516495618,成功
0xb8bc3069e292afb5d7ae8ae8a7dd379c85517be6b2581f0d31778052bd3bcc3c,47090353,2025-03-02 02:10:34,0xf6e0f5f8581231affe3b260c1631e71f42804a4a,0x2383596efa3a0fc13efdcd776410deff25017417,0.0,,,0.0,0.00551829458,成功
0x85b0a9edbb41c75dcd340a050b08ab50e5731d553d0cb14ca60b232409075f71,47090345,2025-03-02 02:10:10,0xc2b8d27ac038fc0598190108833557dcf850742a,0x2383596efa3a0fc13efdcd776410deff25017417,0.0,,,0.0,0.000111338,成功
0x42a66ce47950c1c2bafb8bd3273993f309b6719636d69dc70e967e9c5599b283,47090345,2025-03-02 02:10:10,0x2dda261e46ce4d2ea27162e2dae7d5fe5a1038f6,0x2383596efa3a0fc13efdcd776410deff25017417,0.0,transfer,0x0000000000000000000000000000000000000000,0.1,5.9399e-05,成功
0x2fa1d12e4ef2afbe1d975e51e2e9e710bc7018c5fc7d78796b2b811bec54c067,47090343,2025-03-02 02:10:04,0xf6e0f5f8581231affe3b260c1631e71f42804a4a,0x2383596efa3a0fc13efdcd776410deff25017417,0.0,,,0.0,0.00257614034,成功
0xef031f243ffe0254763d944eb275b23689d8ac16f8fcce66d87f63fd4697b1a8,47090329,2025-03-02 02:09:22,0x3af23fea75c5134396bcc7ed1169482c662d4d07,0x2383596efa3a0fc13efdcd776410deff25017417,0.0,transfer,0x60c1512f1fd2394ad16d943607c0837de5306f69,7070714.000000001,0.000612037,成功
0x0e2a307fce7b0ff1af1d62bc85e6286c18f36bc7ad09694f90c8027d8ab6c853,47090325,2025-03-02 02:09:10,0x5b587a1d0af630e67fd4e43ac6a76b3d49a5c83d,0x2383596efa3a0fc13efdcd776410deff25017417,0.0,,,0.0,0.000113128686,成功
0xa198c6cc801fd84a128692058dcb53dbe9048f381ef655a3197e19399d47b62f,47090315,2025-03-02 02:08:40,0x5b587a1d0af630e67fd4e43ac6a76b3d49a5c83d,0x2383596efa3a0fc13efdcd776410deff25017417,0.0,,,0.0,0.0030890992,成功
0x6495a114239938a5d7140089ec986ceea524bf062a6c2f2f35b901d96b6d3a28,47090310,2025-03-02 02:08:25,0x5b587a1d0af630e67fd4e43ac6a76b3d49a5c83d,0x2383596efa3a0fc13efdcd776410deff25017417,0.0,,,0.0,0.00501747396,成功
0xc463c11f1f33e8cef7f49b5a2d612aea68cb473c83bc8ef6a1482de847839b44,47090294,2025-03-02 02:07:37,0x1f203b76a2eda34f15068a66d7f0213d4852a2ca,0x2383596efa3a0fc13efdcd776410deff25017417,0.0,,,0.0,0.000104338,成功
0x21526dea52769adff54c3a5639f4c87ef6dfa07f71afcd6633d46dbaf6017f43,47090245,2025-03-02 02:05:10,0xb96a23adcdd19cba970be9e0935490b507d7b08e,0x2383596efa3a0fc13efdcd776410deff25017417,0.0,transfer,0x2dda261e46ce4d2ea27162e2dae7d5fe5a1038f6,0.1,0.0001653564,成功
0xf3d7be7a74dfc7d1d1ecf03379c52ed2f5e2398d571ff52e7935087a71f6903b,47090243,2025-03-02 02:05:04,0x60c1512f1fd2394ad16d943607c0837de5306f69,0x2383596efa3a0fc13efdcd776410deff25017417,0.0,transfer,0x3af23fea75c5134396bcc7ed1169482c662d4d07,7070714.000000001,0.000612037,成功
0x93e9089eb25842d374086602d38617ffc47f1f08bddd6b8dab0ee33972c65fb7,47090243,2025-03-02 02:05:04,0xb96a23adcdd19cba970be9e0935490b507d7b08e,0x2383596efa3a0fc13efdcd776410deff25017417,0.0,transfer,0x1f203b76a2eda34f15068a66d7f0213d4852a2ca,0.1,0.0001653564,成功
0xcfe374d90eb1410581916fa2c217e56f1c8759dcc1b5fc977accc9abb0a13380,47090236,2025-03-02 02:04:43,0x2dda261e46ce4d2ea27162e2dae7d5fe5a1038f6,0x2383596efa3a0fc13efdcd776410deff25017417,0.0,transfer,0xb96a23adcdd19cba970be9e0935490b507d7b08e,0.1,8.1987e-05,成功
0xbc5e96a3f2009e3a1a346134afdb329aab25953f5edfcd54b4255ffa659bbfbc,47090219,2025-03-02 02:03:52,0x3af23fea75c5134396bcc7ed1169482c662d4d07,0x2383596efa3a0fc13efdcd776410deff25017417,0.0,transfer,0x60c1512f1fd2394ad16d943607c0837de5306f69,7070714.000000001,0.000612037,成功
0xc3cf699794112ffda0d0f209a0fc257b51d46e27e0e8903572b0a1a6f98cf835,47090216,2025-03-02 02:03:43,0x1f203b76a2eda34f15068a66d7f0213d4852a2ca,0x2383596efa3a0fc13efdcd776410deff25017417,0.0,transfer,0xb96a23adcdd19cba970be9e0935490b507d7b08e,0.1,8.1987e-05,成功
0x493137c5e2e47a7a38c50fd26bd6192551b988893cb578a9ce828b22e406f7dc,47090198,2025-03-02 02:02:49,0xb96a23adcdd19cba970be9e0935490b507d7b08e,0x2383596efa3a0fc13efdcd776410deff25017417,0.0,transfer,0x2dda261e46ce4d2ea27162e2dae7d5fe5a1038f6,0.1,0.0001653564,成功
0x2f9271f8e6be1d5961d3c6b410ac0bef57ec7feba0a3a78778a15ba08e42a3df,47090196,2025-03-02 02:02:43,0xb96a23adcdd19cba970be9e0935490b507d7b08e,0x2383596efa3a0fc13efdcd776410deff25017417,0.0,transfer,0x1f203b76a2eda34f15068a66d7f0213d4852a2ca,0.1,0.0001653564,成功
0x1ae4d74e195cd61d41a2c9f1b75af01dc928aa7ddbfd8e96fa1ab711c280bd85,47090191,2025-03-02 02:02:28,0x60c1512f1fd2394ad16d943607c0837de5306f69,0x2383596efa3a0fc13efdcd776410deff25017417,0.0,transfer,0x3af23fea75c5134396bcc7ed1169482c662d4d07,7070714.000000001,0.000618072,成功
0x7626198ea2c713e37dbe082e95b3315bf44db49b1e5f2ca60ae7a1bbe0272a5b,47090189,2025-03-02 02:02:22,0xe7ebba944c4b4aa36d61feff4d59fa351428658f,0x2383596efa3a0fc13efdcd776410deff25017417,0.0,,,0.0,0.00042008175,成功
0xee6a850c05eb0c079851aaf370dd28b4e00ee687a911b889a52059d35ff9a5d8,47090187,2025-03-02 02:02:16,0x2dda261e46ce4d2ea27162e2dae7d5fe5a1038f6,0x2383596efa3a0fc13efdcd776410deff25017417,0.0,transfer,0xb96a23adcdd19cba970be9e0935490b507d7b08e,0.1,8.1987e-05,成功
0x3267f9d19404ea4125c86c9d4b03d91663a342a4981cb331fe5d5177a0bbacf9,47090179,2025-03-02 02:01:52,0xd96c9365bd5ca3695580339f8e93457b1f14738d,0x2383596efa3a0fc13efdcd776410deff25017417,0.0,,,0.0,0.000235389,成功
0x4dc609a5e2b7882e276162c7374952f20dbfc0ddae4352b35898a7ebbe7d0945,47090179,2025-03-02 02:01:52,0x1f203b76a2eda34f15068a66d7f0213d4852a2ca,0x2383596efa3a0fc13efdcd776410deff25017417,0.0,transfer,0xb96a23adcdd19cba970be9e0935490b507d7b08e,0.1,8.1987e-05,成功
0xfcfd980e70813e04c871f0ef57e42914dbc1cad7a296070119b88aaf49d0e1f4,47090173,2025-03-02 02:01:34,0xd96c9365bd5ca3695580339f8e93457b1f14738d,0x2383596efa3a0fc13efdcd776410deff25017417,0.0,,,0.0,0.0001120218,成功
0xdd9cf6bbb9495e2af0dc00929100462258b6c8f900a9b7a51696b70b1de14f62,47090168,2025-03-02 02:01:19,0xd96c9365bd5ca3695580339f8e93457b1f14738d,0x2383596efa3a0fc13efdcd776410deff25017417,0.0,,,0.0,0.00016103339,成功
0x66b3d8ad86c145b76410a4bd73eee099a6b062e8199bef0f4e975d765e991b67,47090167,2025-03-02 02:01:16,0xb96a23adcdd19cba970be9e0935490b507d7b08e,0x2383596efa3a0fc13efdcd776410deff25017417,0.0,transfer,0x2dda261e46ce4d2ea27162e2dae7d5fe5a1038f6,0.1,0.00018189204,成功
0xa980369c833981020d6a92831526609285782e0c2bf0a707959819ee3554f163,47090165,2025-03-02 02:01:10,0xb96a23adcdd19cba970be9e0935490b507d7b08e,0x2383596efa3a0fc13efdcd776410deff25017417,0.0,transfer,0x1f203b76a2eda34f15068a66d7f0213d4852a2ca,0.1,0.0001653564,成功
0xea2241ce63c2d9af12450f27932ba5bd0786ece07311f27c4a7662d2effda392,47090158,2025-03-02 02:00:49,0x1d982e8c0fe001831b29a93b5924ac0215da290b,0x2383596efa3a0fc13efdcd776410deff25017417,0.0,,,0.0,0.000316424920313292,成功
0x2162d1667659a31dde5a0cc9d3521b2d62b7de5d9f7b42b7c2656cdf81428142,47090152,2025-03-02 02:00:31,0x7653977e4b20ce69bd1d2927822256437af90f4a,0x2383596efa3a0fc13efdcd776410deff25017417,0.0,,,0.0,0.001340105,成功
0x39fffed550b3d738b6e34fe41c5f7d9e783e30eb2f932712f5088e2940008977,47090150,2025-03-02 02:00:25,0x1d982e8c0fe001831b29a93b5924ac0215da290b,0x2383596efa3a0fc13efdcd776410deff25017417,0.0,,,0.0,0.0001038849438,成功
0x3c6631f275f067a8356626accd7f35f683372475c7c77bdf107795a754b970a9,47090144,2025-03-02 02:00:07,0x2dda261e46ce4d2ea27162e2dae7d5fe5a1038f6,0x2383596efa3a0fc13efdcd776410deff25017417,0.0,transfer,0xb96a23adcdd19cba970be9e0935490b507d7b08e,0.1,8.1987e-05,成功
0xb15199a13efdd1bdc8b7840be95d9c3a3ae57274533231721de58deb6f2b29ba,47090143,2025-03-02 02:00:04,0x1d982e8c0fe001831b29a93b5924ac0215da290b,0x2383596efa3a0fc13efdcd776410deff25017417,0.0,,,0.0,0.000122839905009822,成功
0xbdc49b711dcc4a8632263ba1c383de3cc4a7b838b0609ca664c100ccbf8105a2,47090141,2025-03-02 01:59:58,0x3af23fea75c5134396bcc7ed1169482c662d4d07,0x2383596efa3a0fc13efdcd776410deff25017417,0.0,,,0.0,0.000416145,成功
0xa8b826b6f368d98003b2cc7d01d5bc3441fb9a901e8e5868d6b36aecad99b5d6,47090133,2025-03-02 01:59:34,0x1f203b76a2eda34f15068a66d7f0213d4852a2ca,0x2383596efa3a0fc13efdcd776410deff25017417,0.0,transfer,0xb96a23adcdd19cba970be9e0935490b507d7b08e,0.1,8.1987e-05,成功
0x6acd06fc1f8377aaea3aaf56b93ea909cb12ffbe80a840eb55eb1d323528e76a,47090124,2025-03-02 01:59:07,0x77cd35da27c09fc0533848622aefae7009802f52,0x2383596efa3a0fc13efdcd776410deff25017417,0.0,,,0.0,0.00010285638,成功
0x2992140333156caa59559ebd9b535ec6d2085a4f42b8465b8ba839ef5d8d432e,47090123,2025-03-02 01:59:04,0xb8aa3204132c1a6875b4364647c51ecdf9ec75d9,0x2383596efa3a0fc13efdcd776410deff25017417,0.0,,,0.0,0.000300293400272994,成功
0x01690e8440c6f71553f30cb642d92e790f3d0033beb9aeac6fe1b7c05efddb7f,47090120,2025-03-02 01:58:55,0xb96a23adcdd19cba970be9e0935490b507d7b08e,0x2383596efa3a0fc13efdcd776410deff25017417,0.0,transfer,0x2dda261e46ce4d2ea27162e2dae7d5fe5a1038f6,0.1,0.0001653564,成功
0x3deddc943d0577a3994c91131b417849ad1a2818aa161dc2cb881a0e40f97196,47090119,2025-03-02 01:58:52,0xbc5ae2da957a695b2bc3bce3c18bb6eb9f3593c9,0x2383596efa3a0fc13efdcd776410deff25017417,0.0,,,0.0,4.91365e-05,成功
0x41a38d2150e7c10c3c87092521861a463d64392b9de12d412cd405606a19e229,47090119,2025-03-02 01:58:52,0xb96a23adcdd19cba970be9e0935490b507d7b08e,0x2383596efa3a0fc13efdcd776410deff25017417,0.0,transfer,0x1f203b76a2eda34f15068a66d7f0213d4852a2ca,0.1,0.0001653564,成功
0x945d32fae27a7afc766ddf79581da45d1ed98aacdfd1498b111ffffd2d084d15,47090116,2025-03-02 01:58:43,0xe96758119f98ce6dc225a6699a553cfa7ca137db,0x2383596efa3a0fc13efdcd776410deff25017417,0.0,,,0.0,0.0001116918,成功
0x959ca3477c7c73bc2b9a1241d5d6aeb241123f47e33e37d139b18f82da3dbf66,47090114,2025-03-02 01:58:37,0xe4a5c3326d0bff1129b9122616a6c5ea8f59ecb4,0x2383596efa3a0fc13efdcd776410deff25017417,0.0,,,0.0,0.00010285638,成功
0x538efa2e251d1ddebffe764fad3ab95138f44799a150688b400e53db2972d32d,47090107,2025-03-02 01:58:16,0x2dda261e46ce4d2ea27162e2dae7d5fe5a1038f6,0x2383596efa3a0fc13efdcd776410deff25017417,0.0,transfer,0xb96a23adcdd19cba970be9e0935490b507d7b08e,0.1,8.1987e-05,成功
0xb358d3230b771742f1b0540942fa6392b9c0ba6ac4c3e2e224d2e802b8a656f6,47090107,2025-03-02 01:58:16,0xe4a5c3326d0bff1129b9122616a6c5ea8f59ecb4,0x2383596efa3a0fc13efdcd776410deff25017417,0.0,,,0.0,0.000177136729,成功
0xed946d4371454ee7f9b1d3a0c3cc13ca0807a30101fbeeee2df1f8a3b3292e32,47090105,2025-03-02 01:58:10,0x1f203b76a2eda34f15068a66d7f0213d4852a2ca,0x2383596efa3a0fc13efdcd776410deff25017417,0.0,transfer,0xb96a23adcdd19cba970be9e0935490b507d7b08e,0.1,8.1987e-05,成功
0x85485947b14e5094f77373b8364fc75af521e3503935e32bd518f5f697576bea,47090090,2025-03-02 01:57:25,0xe96758119f98ce6dc225a6699a553cfa7ca137db,0x2383596efa3a0fc13efdcd776410deff25017417,0.0,transfer,0xe96758119f98ce6dc225a6699a553cfa7ca137db,1.0,0.000114459,成功
0x49022e8ed6dba9ff8750f5aea855fe30634d6a30840b6950847bbffaf22588f7,47090088,2025-03-02 01:57:19,0xe96758119f98ce6dc225a6699a553cfa7ca137db,0x2383596efa3a0fc13efdcd776410deff25017417,0.0,transfer,0xe96758119f98ce6dc225a6699a553cfa7ca137db,1.0,0.000114459,成功
0xd853a89b7f94fbbe12a976b7c65a8e7dee08a49719d18dc8833221540a4e1255,47090088,2025-03-02 01:57:19,0xb96a23adcdd19cba970be9e0935490b507d7b08e,0x2383596efa3a0fc13efdcd776410deff25017417,0.0,transfer,0x2dda261e46ce4d2ea27162e2dae7d5fe5a1038f6,0.1,0.000159418602,成功
0x400c17a58b0fdf23824ea4cbdd02502b4beec46bf0d0ed15779abd397daeee5a,47090088,2025-03-02 01:57:19,0x083a35a77550f55e3533062cc7fafd6a80703e90,0x2383596efa3a0fc13efdcd776410deff25017417,0.0,,,0.0,0.00024715845,成功
0x2b2020590382fc0c9e798394e3f9e893b6ddbcdb5ece900c8cb10637dca5559c,47090086,2025-03-02 01:57:13,0xb96a23adcdd19cba970be9e0935490b507d7b08e,0x2383596efa3a0fc13efdcd776410deff25017417,0.0,transfer,0x1f203b76a2eda34f15068a66d7f0213d4852a2ca,0.1,0.000159418602,成功
0xaa8e8f7f925f1c38c5da0b1926329ff2651344af14cc532c4c0b9e5077cb615e,47090086,2025-03-02 01:57:13,0xe96758119f98ce6dc225a6699a553cfa7ca137db,0x2383596efa3a0fc13efdcd776410deff25017417,0.0,transfer,0xe96758119f98ce6dc225a6699a553cfa7ca137db,1.0,0.000114459,成功
0x97638895e6745f8440381efb43c5c113fe6f78922ebbe7b535f01f62bbabf0e1,47090086,2025-03-02 01:57:13,0xa8872adfa5ed283b96a17f3fe7e2e1b8a71d1fa9,0x2383596efa3a0fc13efdcd776410deff25017417,0.0,,,0.0,4.888198e-05,成功
0x74f9a204f01efbc4292cb7bca0f4c5986680d9392d384867a7c80038d6f2475a,47090084,2025-03-02 01:57:07,0xe96758119f98ce6dc225a6699a553cfa7ca137db,0x2383596efa3a0fc13efdcd776410deff25017417,0.0,transfer,0xe96758119f98ce6dc225a6699a553cfa7ca137db,1.0,0.000114459,成功
0x392ff94a35eed28b4e6de3a9bd974df3e95bb99fd6d6392e4da03505753fcf71,47090083,2025-03-02 01:57:04,0xe96758119f98ce6dc225a6699a553cfa7ca137db,0x2383596efa3a0fc13efdcd776410deff25017417,0.0,transfer,0xe96758119f98ce6dc225a6699a553cfa7ca137db,1.0,0.000114459,成功
0x8737f1d5f6e2e36d5928faf4a5da71ecaddaffa9eb92c55307ce6e0cdc5726be,47090082,2025-03-02 01:57:01,0x7653977e4b20ce69bd1d2927822256437af90f4a,0x2383596efa3a0fc13efdcd776410deff25017417,0.0,,,0.0,0.001346029,成功
0x1d1985531f738252aea8874c9712c995ffcb366b415ff63861b6238e60fbcd79,47090081,2025-03-02 01:56:58,0xe96758119f98ce6dc225a6699a553cfa7ca137db,0x2383596efa3a0fc13efdcd776410deff25017417,0.0,transfer,0xe96758119f98ce6dc225a6699a553cfa7ca137db,1.0,0.000114459,成功
0x93d05e832b95f3c7b3e79069236f737d65fe6fdc6c199807795d0086d0c86c90,47090081,2025-03-02 01:56:58,0x083a35a77550f55e3533062cc7fafd6a80703e90,0x2383596efa3a0fc13efdcd776410deff25017417,0.0,,,0.0,0.00010285638,成功
0x087bab55b81ce1bc8e633dffb7a1ec9d1b398e2fc9b17ff9f7640eaf88cfef91,47090079,2025-03-02 01:56:52,0xe96758119f98ce6dc225a6699a553cfa7ca137db,0x2383596efa3a0fc13efdcd776410deff25017417,0.0,transfer,0xe96758119f98ce6dc225a6699a553cfa7ca137db,1.0,0.000114459,成功
0x4f27d3029a07d9b4586b4318ee916f46ddd9219488b38e5027297804e6140ac0,47090077,2025-03-02 01:56:46,0xe96758119f98ce6dc225a6699a553cfa7ca137db,0x2383596efa3a0fc13efdcd776410deff25017417,0.0,transfer,0xe96758119f98ce6dc225a6699a553cfa7ca137db,1.0,0.000114459,成功
0x07ebceb4be934e888007ebff6c29a2b5879b69ac5b2683c6f9dcb1172e7aa642,47090075,2025-03-02 01:56:40,0xe96758119f98ce6dc225a6699a553cfa7ca137db,0x2383596efa3a0fc13efdcd776410deff25017417,0.0,transfer,0xe96758119f98ce6dc225a6699a553cfa7ca137db,1.0,0.000114459,成功
0xac56e282ac598a0f89439cab503966b8edded6e047909faed547233bcb5a056d,47090073,2025-03-02 01:56:34,0xe96758119f98ce6dc225a6699a553cfa7ca137db,0x2383596efa3a0fc13efdcd776410deff25017417,0.0,transfer,0xe96758119f98ce6dc225a6699a553cfa7ca137db,1.0,0.000114459,成功
0x823c4d38f4e7b6b6a08df418ce1f713b66a69bf52b7d3c1a75b47eac0a11afff,47090071,2025-03-02 01:56:28,0xe96758119f98ce6dc225a6699a553cfa7ca137db,0x2383596efa3a0fc13efdcd776410deff25017417,0.0,transfer,0xe96758119f98ce6dc225a6699a553cfa7ca137db,1.0,0.000114459,成功
0x91ba2a62c55e657783cc06db2e5363cc8bfc4652fcdb354b844d3a5774440f13,47090071,2025-03-02 01:56:28,0x2dda261e46ce4d2ea27162e2dae7d5fe5a1038f6,0x2383596efa3a0fc13efdcd776410deff25017417,0.0,transfer,0xb96a23adcdd19cba970be9e0935490b507d7b08e,0.1,8.1987e-05,成功
0x8bb2db1320950bdd2ebf1a00ce28f29796f1c6cd662be2657ed753d2561fa484,47090071,2025-03-02 01:56:28,0x1f203b76a2eda34f15068a66d7f0213d4852a2ca,0x2383596efa3a0fc13efdcd776410deff25017417,0.0,transfer,0xb96a23adcdd19cba970be9e0935490b507d7b08e,0.1,8.1987e-05,成功
0x602d9e2b173637efe21c91889322aac664bc2b36ee65cf7a027e665b7f59b9ab,47090070,2025-03-02 01:56:25,0x7653977e4b20ce69bd1d2927822256437af90f4a,0x2383596efa3a0fc13efdcd776410deff25017417,0.0,,,0.0,0.000641804,成功
0x1a3c9b6c461321c2cae149737464db8dab04c84a5c6b2fef9299e4e8cd07db52,47090070,2025-03-02 01:56:25,0xe96758119f98ce6dc225a6699a553cfa7ca137db,0x2383596efa3a0fc13efdcd776410deff25017417,0.0,transfer,0xe96758119f98ce6dc225a6699a553cfa7ca137db,1.0,0.000114459,成功
0x110dedcfa71e0633879fa8d1efcc7a15b0d86a47b5c94f19933f464468db3b7b,47090069,2025-03-02 01:56:22,0xf5a946c870652db86d01005f03b7083d28419174,0x2383596efa3a0fc13efdcd776410deff25017417,0.0,,,0.0,0.000114808815,成功
0x218ee30672b776ad9502dec9829fdca8821e8cbee4d98685d81c4b3b7b34e833,47090068,2025-03-02 01:56:19,0xe96758119f98ce6dc225a6699a553cfa7ca137db,0x2383596efa3a0fc13efdcd776410deff25017417,0.0,transfer,0xe96758119f98ce6dc225a6699a553cfa7ca137db,1.0,0.000114459,成功
0x28ae82f3eda340424812ea0384c42f621b4e6eb34b28f7336e2197d783a87fbb,47090066,2025-03-02 01:56:13,0xe96758119f98ce6dc225a6699a553cfa7ca137db,0x2383596efa3a0fc13efdcd776410deff25017417,0.0,transfer,0xe96758119f98ce6dc225a6699a553cfa7ca137db,1.0,0.000114459,成功
0x83803782f86b919c93b98082d82edf70a7f7165ced36c7b531f36f35b729d2d3,47090064,2025-03-02 01:56:07,0xe96758119f98ce6dc225a6699a553cfa7ca137db,0x2383596efa3a0fc13efdcd776410deff25017417,0.0,transfer,0xe96758119f98ce6dc225a6699a553cfa7ca137db,1.0,0.000114459,成功
0x259e437478bfbb6a2d924b479f6d71af01150d0fc99a59fa8d2a66759e9e6f31,47090062,2025-03-02 01:56:01,0xe96758119f98ce6dc225a6699a553cfa7ca137db,0x2383596efa3a0fc13efdcd776410deff25017417,0.0,transfer,0xe96758119f98ce6dc225a6699a553cfa7ca137db,1.0,0.000114459,成功
0x1546ec4d42d31edc5ca81475d7c473812f8bf58a71f96ea95096f5f1c65fcc20,47090060,2025-03-02 01:55:55,0xe96758119f98ce6dc225a6699a553cfa7ca137db,0x2383596efa3a0fc13efdcd776410deff25017417,0.0,transfer,0xe96758119f98ce6dc225a6699a553cfa7ca137db,1.0,0.000114459,成功
0x8f28905662f58f3d9bbb47c12edc5bad6de6817af361ab883b5c06d27a3427f8,47090058,2025-03-02 01:55:49,0xe96758119f98ce6dc225a6699a553cfa7ca137db,0x2383596efa3a0fc13efdcd776410deff25017417,0.0,transfer,0xe96758119f98ce6dc225a6699a553cfa7ca137db,1.0,0.000114459,成功
0x9a6310adc511527ea4f16cd099c82f5e88acdfcc8c6ab4e7970ebfeae87f060a,47090057,2025-03-02 01:55:46,0xe96758119f98ce6dc225a6699a553cfa7ca137db,0x2383596efa3a0fc13efdcd776410deff25017417,0.0,transfer,0xe96758119f98ce6dc225a6699a553cfa7ca137db,1.0,0.000114459,成功
0x6de45cae27da463ee0897463c88989aa49076af602e35ee7f0968eb74ff3bf87,47090055,2025-03-02 01:55:40,0xe96758119f98ce6dc225a6699a553cfa7ca137db,0x2383596efa3a0fc13efdcd776410deff25017417,0.0,transfer,0xe96758119f98ce6dc225a6699a553cfa7ca137db,1.0,0.000114459,成功
0x1b751207ffd253a7a20a85f429dbc2030ec5db848b81eb3d935f3b978968dbe7,47090053,2025-03-02 01:55:34,0xe96758119f98ce6dc225a6699a553cfa7ca137db,0x2383596efa3a0fc13efdcd776410deff25017417,0.0,transfer,0xe96758119f98ce6dc225a6699a553cfa7ca137db,1.0,0.000114459,成功
0xfc310dbc98d2e8b06372e6a4f051ea8f30cbb05322c5b4e37138e8caf1d9075b,47090053,2025-03-02 01:55:34,0xb96a23adcdd19cba970be9e0935490b507d7b08e,0x2383596efa3a0fc13efdcd776410deff25017417,0.0,transfer,0x2dda261e46ce4d2ea27162e2dae7d5fe5a1038f6,0.1,0.00015182724,成功
0xd1cc8a104993bdd7987a18e28c161d16e9770fad1744b188eab270c2ff3a4599,47090051,2025-03-02 01:55:28,0xe96758119f98ce6dc225a6699a553cfa7ca137db,0x2383596efa3a0fc13efdcd776410deff25017417,0.0,transfer,0xe96758119f98ce6dc225a6699a553cfa7ca137db,1.0,0.000114459,成功
0xc79f620543c09d41441993bf81b1caa7a98796f05fb061b8fe8b7c9e20089203,47090051,2025-03-02 01:55:28,0xb96a23adcdd19cba970be9e0935490b507d7b08e,0x2383596efa3a0fc13efdcd776410deff25017417,0.0,transfer,0x1f203b76a2eda34f15068a66d7f0213d4852a2ca,0.1,0.000151842422724,成功
0x9c5d54b1bff61d05ab607b2952d351276fa7c2d947095efe22d6cf2f7d4b4e9c,47090049,2025-03-02 01:55:22,0xe96758119f98ce6dc225a6699a553cfa7ca137db,0x2383596efa3a0fc13efdcd776410deff25017417,0.0,transfer,0xe96758119f98ce6dc225a6699a553cfa7ca137db,1.0,0.000114459,成功
0x49571a2b713a97fc4806c2436801d7e718127f6f273467c30e5ff5ccad189ae9,47090047,2025-03-02 01:55:16,0xe96758119f98ce6dc225a6699a553cfa7ca137db,0x2383596efa3a0fc13efdcd776410deff25017417,0.0,transfer,0xe96758119f98ce6dc225a6699a553cfa7ca137db,1.0,0.000114459,成功
0xd84c95da2e836e738a67c650ac2ca49259345060d722423c8bf6fba99cf1619e,47090045,2025-03-02 01:55:10,0xe96758119f98ce6dc225a6699a553cfa7ca137db,0x2383596efa3a0fc13efdcd776410deff25017417,0.0,transfer,0xe96758119f98ce6dc225a6699a553cfa7ca137db,1.0,0.000114459,成功
0x2b0ebe21d64a6c28a797ffac19dacd998158fe07469ab7a2e02b6487b0fd6a48,47090043,2025-03-02 01:55:04,0xe96758119f98ce6dc225a6699a553cfa7ca137db,0x2383596efa3a0fc13efdcd776410deff25017417,0.0,transfer,0xe96758119f98ce6dc225a6699a553cfa7ca137db,1.0,0.000114459,成功
0x00c2881d9f83742a9bd3f5518be95968a2392ff80017dca9d1c614405aaf5c52,47090042,2025-03-02 01:55:01,0xe96758119f98ce6dc225a6699a553cfa7ca137db,0x2383596efa3a0fc13efdcd776410deff25017417,0.0,transfer,0xe96758119f98ce6dc225a6699a553cfa7ca137db,1.0,0.000114459,成功
0x3d25c9d0cdbc7aee1768017c65f4d9bd6b6d797dd105d2a21a2f3f58ed01a03f,47090040,2025-03-02 01:54:55,0x7cae6b515a7345997ebc42cfbcc3dca0aced5670,0x2383596efa3a0fc13efdcd776410deff25017417,0.0,,,0.0,4.841e-05,成功
0xc9c856d7f206e8d20576e1f532c1453c864518f66f4156dcb30c60b3755ed2a1,47090040,2025-03-02 01:54:55,0xe96758119f98ce6dc225a6699a553cfa7ca137db,0x2383596efa3a0fc13efdcd776410deff25017417,0.0,transfer,0xe96758119f98ce6dc225a6699a553cfa7ca137db,1.0,0.000114459,成功
0xa4826756e3d658ea91ea436eb1ec3dec1b56c9d7434c5113d814c42b4c6a587f,47090038,2025-03-02 01:54:49,0xfcebcc3da30e9801cd06d7d7c1d5ea9c88a50543,0x2383596efa3a0fc13efdcd776410deff25017417,0.0,transfer,0xe96758119f98ce6dc225a6699a553cfa7ca137db,0.505,7.3964e-05,成功
0x3dc810c826023400ff1bef3f43e75fb0f8afea4a2c98886b268d54e912dbc4b9,47090038,2025-03-02 01:54:49,0xe96758119f98ce6dc225a6699a553cfa7ca137db,0x2383596efa3a0fc13efdcd776410deff25017417,0.0,transfer,0xe96758119f98ce6dc225a6699a553cfa7ca137db,1.0,0.000114459,成功
0x4fd02797ff62d798f462a577b991b615580de60469f57140e3f384a8ac830add,47090037,2025-03-02 01:54:46,0x1f203b76a2eda34f15068a66d7f0213d4852a2ca,0x2383596efa3a0fc13efdcd776410deff25017417,0.0,transfer,0xb96a23adcdd19cba970be9e0935490b507d7b08e,0.1,8.1987e-05,成功
0xb4226a7413019d0ea4817800bf940cb2beef8d0672c60ba14beb403c293c300a,47090037,2025-03-02 01:54:46,0x7add7308633a0a20796f5ff71cc6be211014e3a8,0x2383596efa3a0fc13efdcd776410deff25017417,0.0,,,0.0,0.003203781,成功
0x035509a82abc18be0c2a8954c599ae63ab0f4a46d22d887a652f2b2b3a159a0e,47090036,2025-03-02 01:54:43,0xe96758119f98ce6dc225a6699a553cfa7ca137db,0x2383596efa3a0fc13efdcd776410deff25017417,0.0,transfer,0xe96758119f98ce6dc225a6699a553cfa7ca137db,1.0,0.000114459,成功
0x7d85773a5b2d3b5e96cbdba211081738ca442e2de4ff1bfeedcd47b9df33961f,47090034,2025-03-02 01:54:37,0xe96758119f98ce6dc225a6699a553cfa7ca137db,0x2383596efa3a0fc13efdcd776410deff25017417,0.0,transfer,0xe96758119f98ce6dc225a6699a553cfa7ca137db,1.0,0.000114459,成功
